rowname,temp_median_aft,median_household_income_d,poverty_%
kidney_disease_prev,-0.3732494633971911,-0.2425771640856879,-0.07530671582391121
copd_prev,0.570299427583079,-0.6853403001093847,0.7018735229567157
asthma_prev,0.4886584713354521,-0.7083689611815631,0.7373371627035686
heart_attack_prev,-0.19843464971483193,0.5971013114343828,-0.4666070540288362
congestive_artery_disease_prev,-0.12457064253755483,-0.13995700672354128,-0.07526823268480454
angina_pectoris_prev,-0.38796011188248203,0.5518456250171393,-0.40427293905054007
heart_disease_prev,-0.3687624223619644,0.006445904993385705,-0.21484944782843224
diabetes_prev,-0.03195895740331657,-0.36820836547473523,0.047043543774943214
