rowname,temp_median_aft,median_household_income_d,poverty_%
medicaid_kidney_disease_prev,0.5959168275713261,-0.5898391540085819,0.7463088749478954
medicaid_copd_prev,0.7533031763506559,-0.583493786034439,0.72858672648571
medicaid_asthma_prev,0.5199542412079716,-0.6941884595611193,0.7651426173403582
medicaid_heart_attack_prev,0.43377412989573316,0.13919382803845212,0.10263918819976152
medicaid_congestive_artery_disease_prev,0.5737662473478476,-0.3687297639121117,0.5539312302895035
medicaid_angina_pectoris_prev,0.7161361468564905,-0.45475963654979557,0.5960910023331051
medicaid_heart_disease_prev,0.7110965809350431,-0.5032265318984699,0.6669663388914819
medicaid_diabetes_prev,0.5001306127317733,-0.36726364601272377,0.5175080887789377
